{
    "predict": {
        "actual_return": 0.5605634007848193,
        "actual_return_on_risk": 0.6007355754409144,
        "f1_score": 0.45553978206320933,
        "max_drawdown": [
            0.05271058275669207,
            0.016476727166737537,
            0.061297079396056595
        ],
        "naive_forecast_rmse": 0.009818777080969118,
        "nb_of_trades": 166,
        "return": 1.158638834953308,
        "return_on_risk": 3.1472227573394775,
        "rmse": 0.009832528906663592,
        "rmse_vs_naive": 1.0014005639990675
    },
    "test": {
        "actual_return": 0.7071545259091712,
        "actual_return_on_risk": 0.2951261866174946,
        "f1_score": 0.49430765524972153,
        "max_drawdown": [
            0.15307875886947672,
            0.0330507749104506,
            0.21951207018906174
        ],
        "naive_forecast_rmse": 0.010043139488783834,
        "nb_of_trades": 407,
        "return": 0.07334599643945694,
        "return_on_risk": 0.09342152625322342,
        "rmse": 0.013027639563829643,
        "rmse_vs_naive": 1.2971680397727121
    }
}