{
    "predict": {
        "actual_return": 0.06821962646893964,
        "f1_score": 0.5553416477987578,
        "max_possible_return": 44.31220299613294,
        "naive_forecast_rmse": 0.00932131926373482,
        "return": 0.6163248273114783,
        "rmse": 0.011160958247074776,
        "rmse_vs_naive": 1.1973582205790534
    },
    "test": {
        "actual_return": 0.20355699356121404,
        "f1_score": 0.5064042060296333,
        "max_possible_return": 84.73500858732962,
        "naive_forecast_rmse": 0.009426421938114167,
        "return": 0.15761753940163836,
        "rmse": 0.010836563670265158,
        "rmse_vs_naive": 1.1495945907586969
    }
}