{
    "predict": {
        "rmse": 0.010109332004295854,
        "f1_score": 0.5161563388874835,
        "naive_forecast_rmse": 0.00933740422646696,
        "rmse_vs_naive": 1.0826704894751003,
        "return": 0.7380489682956115,
        "actual_return": 0.0949486990171915,
        "max_possible_return": 44.01148196090874
    },
    "test": {
        "rmse": 0.010881628154599315,
        "f1_score": 0.5182767965294549,
        "naive_forecast_rmse": 0.00941086938465508,
        "rmse_vs_naive": 1.1562829861757922,
        "return": 0.22663611627083768,
        "actual_return": 0.19218992405873436,
        "max_possible_return": 81.02496807176618
    }
}