{
    "predict": {
        "actual_return": 0.06821962646893964,
        "f1_score": 0.5243104977618251,
        "max_possible_return": 44.31220299613294,
        "naive_forecast_rmse": 0.00932131926373482,
        "return": 0.5794090828629792,
        "rmse": 0.009576925202186459,
        "rmse_vs_naive": 1.0274216482902896
    },
    "test": {
        "actual_return": 0.20355699356121404,
        "f1_score": 0.5058243124728622,
        "max_possible_return": 84.73500858732962,
        "naive_forecast_rmse": 0.009426421938114167,
        "return": 0.22251551552026205,
        "rmse": 0.009847868442339753,
        "rmse_vs_naive": 1.0447090642655763
    }
}